<hk_config.xml>
  <physics_preset>
    <name>	physics	</name>
    <decomposition>
      <maxPieces>	1000	</maxPieces>
      <maxVertices>	65535	</maxVertices>
    </decomposition>
    <common>
      <dynamicDecompositionMethod>	2	</dynamicDecompositionMethod>
      <exportMethod>	0	</exportMethod>
      <maxDecompositionTimeout>	60	</maxDecompositionTimeout>
      <makeTankDetails>	true	</makeTankDetails>
    </common>
  </physics_preset>
  <tank_physics_preset>
    <name>	collision	</name>
    <common>
      <dynamicDecompositionMethod>	2	</dynamicDecompositionMethod>
      <exportMethod>	1	</exportMethod>
      <maxDecompositionTimeout>	60	</maxDecompositionTimeout>
      <makeTankDetails>	true	</makeTankDetails>
    </common>
  </tank_physics_preset>
  <collision_preset>
    <name>	collision	</name>
    <common>
      <dynamicDecompositionMethod>	2	</dynamicDecompositionMethod>
      <exportMethod>	1	</exportMethod>
      <maxDecompositionTimeout>	60	</maxDecompositionTimeout>
      <makeTankDetails>	false	</makeTankDetails>
    </common>
  </collision_preset>
  <numModelsToLoadInOneBlock>	100	</numModelsToLoadInOneBlock>
</hk_config.xml>
