<engine_config.xml>
  <personality>	game	</personality>
  <preferences>	preferences.xml	</preferences>
  <enableBalanceCPU>	true	</enableBalanceCPU>
  <enableServerTimeSync>	true	</enableServerTimeSync>
  <lod>
    <default>
      <superModel>
        <lod0>	1.0	</lod0>
        <lod1>	1.0	</lod1>
        <lod2>	1.0	</lod2>
        <lod3>	1.0	</lod3>
        <lod4>	1.0	</lod4>
      </superModel>
      <staticModel>
        <lod0>	1.0	</lod0>
        <lod1>	1.0	</lod1>
        <lod2>	1.0	</lod2>
        <lod3>	1.0	</lod3>
        <lod4>	1.0	</lod4>
      </staticModel>
    </default>
  </lod>
  <renderer>
    <concurrentRenderer>	true	</concurrentRenderer>
    <disableSLI>	false	</disableSLI>
    <gammaCorrectionOutside>	1.0	</gammaCorrectionOutside>
    <gammaCorrectionInside>	1.0	</gammaCorrectionInside>
    <gammaCorrectionSpeed>	0.2	</gammaCorrectionSpeed>
    <maxFrameRate>	1000	</maxFrameRate>
    <reducedFrameRate>	60	</reducedFrameRate>
    <settings></settings>
    <useLatentOcclusionQueries>	true	</useLatentOcclusionQueries>
    <DRRAutoscaler>
      <criticalFPS>	15	</criticalFPS>
      <safeFPSMultiplier>	1.15	</safeFPSMultiplier>
      <timeStep>	1.0	</timeStep>
      <correctionStep>	0.05	</correctionStep>
      <correctionBigStep>	0.1	</correctionBigStep>
      <minScale>	0.5	</minScale>
    </DRRAutoscaler>
    <globalVBSize>	12582912	</globalVBSize>
    <globalIBSize>	131072	</globalIBSize>
    <streaming>
      <MAX>	1	</MAX>
      <HIGH>	0.5	</HIGH>
      <MEDIUM>	0.25	</MEDIUM>
      <LOW>	0.25	</LOW>
      <MIN>	0.25	</MIN>
    </streaming>
    <ObjectsFarPlaneManager>
      <cullVolume>	2800	</cullVolume>
      <decalCullDistance>	400	</decalCullDistance>
      <controlPointCullDistance>	1400	</controlPointCullDistance>
    </ObjectsFarPlaneManager>
    <StreamedTexturePrecache>
      <Mode>	AUTO	</Mode>
    </StreamedTexturePrecache>
  </renderer>
  <influx>
    <force_use_bw_collision>	true	</force_use_bw_collision>
    <control_point_hmap_offset>	0.1f	</control_point_hmap_offset>
    <control_point_grid_step>	1.0f	</control_point_grid_step>
  </influx>
  <animation>
    <streamCacheSizeKB>	51200	</streamCacheSizeKB>
  </animation>
  <screenShot>
    <extension>	jpg	</extension>
    <name>	screenshots/shot	</name>
  </screenShot>
  <superShot>
    <hRes>	4096	</hRes>
    <farPlaneDist>	1500	</farPlaneDist>
    <floraVBSize>	16000000	</floraVBSize>
    <disableGUI>	true	</disableGUI>
  </superShot>
  <accessMonitor>	false	</accessMonitor>
  <hasDevelopmentAssertions>	true	</hasDevelopmentAssertions>
  <memoryCriticalThresholds>
    <x86os86>
      <virtualMemoryLoadThreshold>	85.0	</virtualMemoryLoadThreshold>
      <virtualMemoryLoadLeftoverMb>	150.0	</virtualMemoryLoadLeftoverMb>
      <pageFileMemoryLoadThreshold>	99.0	</pageFileMemoryLoadThreshold>
      <pageFileMemoryLoadLeftoverMb>	200.0	</pageFileMemoryLoadLeftoverMb>
      <physicalMemoryLoadThreshold>	99.0	</physicalMemoryLoadThreshold>
      <physicalMemoryLoadLeftoverMb>	200.0	</physicalMemoryLoadLeftoverMb>
    </x86os86>
    <x86os64>
      <virtualMemoryLoadThreshold>	87.0	</virtualMemoryLoadThreshold>
      <virtualMemoryLoadLeftoverMb>	250.0	</virtualMemoryLoadLeftoverMb>
      <pageFileMemoryLoadThreshold>	87.0	</pageFileMemoryLoadThreshold>
      <pageFileMemoryLoadLeftoverMb>	250.0	</pageFileMemoryLoadLeftoverMb>
      <physicalMemoryLoadThreshold>	87.0	</physicalMemoryLoadThreshold>
      <physicalMemoryLoadLeftoverMb>	250.0	</physicalMemoryLoadLeftoverMb>
    </x86os64>
    <x64os64>
      <virtualMemoryLoadThreshold>	94.0	</virtualMemoryLoadThreshold>
      <virtualMemoryLoadLeftoverMb>	250.0	</virtualMemoryLoadLeftoverMb>
      <pageFileMemoryLoadThreshold>	99.0	</pageFileMemoryLoadThreshold>
      <pageFileMemoryLoadLeftoverMb>	250.0	</pageFileMemoryLoadLeftoverMb>
      <physicalMemoryLoadThreshold>	99.0	</physicalMemoryLoadThreshold>
      <physicalMemoryLoadLeftoverMb>	250.0	</physicalMemoryLoadLeftoverMb>
    </x64os64>
  </memoryCriticalThresholds>
  <scaleformGC>
    <suspend>	false	</suspend>
    <suspendDuringLoad>	true	</suspendDuringLoad>
    <framesBetweenCollections>	0	</framesBetweenCollections>
    <maxCollectionRoots>	1000	</maxCollectionRoots>
    <runsToCollectOld>	10	</runsToCollectOld>
    <runsToCollectYoung>	5	</runsToCollectYoung>
    <runsToUpgradeGen>	5	</runsToUpgradeGen>
  </scaleformGC>
  <debugKeys>
    <combination>
      <key>	APPS	</key>
    </combination>
    <combination>
      <key>	GRAVE	</key>
    </combination>
    <enableEndStopApp>	false	</enableEndStopApp>
    <benchmarkStartTime>	15.0	</benchmarkStartTime>
  </debugKeys>
  <entities>
    <disablePreloads>	false	</disablePreloads>
    <enforcePreloads>	false	</enforcePreloads>
    <entityCollision>	false	</entityCollision>
    <particlesActive>	true	</particlesActive>
    <movementThreshold>	0.25	</movementThreshold>
  </entities>
  <ui>
    <straferate>	5.0	</straferate>
    <loadingText>	151 231 233	</loadingText>
  </ui>
  <camera>
    <lookTable>	0.00	0.00	</lookTable>
    <lookTable>	0.10	0.05	</lookTable>
    <lookTable>	0.30	0.10	</lookTable>
    <lookTable>	0.50	0.15	</lookTable>
    <lookTable>	0.70	0.30	</lookTable>
    <lookTable>	0.90	1.00	</lookTable>
    <lookAxisMin>	0.10	</lookAxisMin>
    <lookAxisMax>	0.91	</lookAxisMax>
    <cameraYawSpeed>	90	</cameraYawSpeed>
    <cameraPitchSpeed>	60	</cameraPitchSpeed>
    <accelerateStart>	0.00	</accelerateStart>
    <accelerateRate>	2.00	</accelerateRate>
    <accelerateEnd>	1.00	</accelerateEnd>
  </camera>
  <directionCursor>
    <invertVerticalMovement>	false	</invertVerticalMovement>
    <mouseSensitivity>	0.005	</mouseSensitivity>
    <mouseHVBias>	0.667	</mouseHVBias>
    <maxPitch>	50.0	</maxPitch>
    <minPitch>	-65.0	</minPitch>
    <yaw>	0.000	</yaw>
    <pitch>	0.000	</pitch>
    <lookSpring>	false	</lookSpring>
    <lookSpringRate>	0.75	</lookSpringRate>
    <lookSpringIdleTime>	3600.0	</lookSpringIdleTime>
    <lookSpringOnMove>	true	</lookSpringOnMove>
  </directionCursor>
  <simpleGui>
    <breakOnLeak>	false	</breakOnLeak>
    <breakOnAllocId>	0	</breakOnAllocId>
  </simpleGui>
  <ParticleSystem>
    <PS_PERFORMANCE_FIXED_FPS>	29.9	</PS_PERFORMANCE_FIXED_FPS>
    <PS_PERFORMANCE_MIN_FPS>	22	</PS_PERFORMANCE_MIN_FPS>
    <PS_PERFORMANCE_MAX_FPS>	26	</PS_PERFORMANCE_MAX_FPS>
    <PS_PERFORMANCE_SPEED_MULT>	10	</PS_PERFORMANCE_SPEED_MULT>
    <PS_PERFORMANCE_LOD_OFFSET>	0	</PS_PERFORMANCE_LOD_OFFSET>
    <PS_PERFORMANCE_LOD_MULT>	1.2	</PS_PERFORMANCE_LOD_MULT>
  </ParticleSystem>
  <cat_config>
    <isOnline>	true	</isOnline>
    <clientUrl>	http://cat.wargaming.net	</clientUrl>
    <botsUrl>	http://cat-st1.wargaming.net	</botsUrl>
    <fullDump>	false	</fullDump>
    <collectPersonalData>	true	</collectPersonalData>
    <dxdiag>	false	</dxdiag>
    <dumpTimeout>	600000	</dumpTimeout>
    <reportArchiveSizeThresholdKb>	1024	</reportArchiveSizeThresholdKb>
  </cat_config>
  <debug>
    <framesCount>	0	</framesCount>
    <enableServers>	false	</enableServers>
    <profilerBufferSize>	12582912	</profilerBufferSize>
    <enableLoggingAssetMsg>	false	</enableLoggingAssetMsg>
    <assetLogPath>	asset.log	</assetLogPath>
    <enableColorFill>	false	</enableColorFill>
    <remotePythonConsole>	true	</remotePythonConsole>
  </debug>
  <hitchDetector>
    <numTimeSamples>	10	</numTimeSamples>
    <frameMSLimit>	100.0	</frameMSLimit>
    <overAverageFactor>	1.5	</overAverageFactor>
  </hitchDetector>
  <log_console>
    <enable>	false	</enable>
    <monitor>	false	</monitor>
    <colors>	false	</colors>
    <timestamp>	true	</timestamp>
    <real_time>	true	</real_time>
    <wrap>	false	</wrap>
    <auto_scroll>	true	</auto_scroll>
    <priority>	1111111111	</priority>
  </log_console>
  <soundMgr>
    <enabled>	true	</enabled>
    <communication>	false	</communication>
    <wwmediaPath>	audioww	</wwmediaPath>
    <memoryLimit>	160	</memoryLimit>
    <highPriorityBankThread>	true	</highPriorityBankThread>
    <useBankLoadPriority>	false	</useBankLoadPriority>
    <playbackPools>
      <pool>
        <event>	obj_generative	</event>
        <limit>	15	</limit>
        <maxDistance>	100	</maxDistance>
      </pool>
    </playbackPools>
    <WWISE_active_profile>	WWISE_adv_profile	</WWISE_active_profile>
    <WWISE_emergency_profile>	WWISE_low_profile	</WWISE_emergency_profile>
    <WWISE_adv_profile>
      <memoryManager>
        <IOPoolSize>	4	</IOPoolSize>
        <IOGranularity>	16	</IOGranularity>
      </memoryManager>
      <memoryManager_64bit>
        <IOPoolSize>	4	</IOPoolSize>
        <IOGranularity>	16	</IOGranularity>
      </memoryManager_64bit>
      <soundRender>
        <use_config>	false	</use_config>
        <HDR_lower_threshold>	-40	</HDR_lower_threshold>
        <max_voices>	70	</max_voices>
        <low_sample_rate>	false	</low_sample_rate>
        <ambients>	true	</ambients>
        <reverbs>	true	</reverbs>
      </soundRender>
      <voice_soundbanks>
        <bank>
          <name>	voiceover.bnk	</name>
        </bank>
        <bank>
          <name>	inbattle_communication_pc.bnk	</name>
        </bank>
      </voice_soundbanks>
      <SFX_soundbanks_loadonce>
        <bank>
          <name>	ambient.pck	</name>
        </bank>
        <bank>
          <name>	ambient_2D.pck	</name>
        </bank>
        <bank>
          <name>	hangar_places.pck	</name>
        </bank>
        <bank>
          <name>	combat_atmosphere.pck	</name>
        </bank>
        <bank>
          <name>	damage.pck	</name>
        </bank>
        <bank>
          <name>	epic_battle.bnk	</name>
        </bank>
        <bank>
          <name>	engines.pck	</name>
        </bank>
        <bank>
          <name>	explosive_objects.pck	</name>
        </bank>
        <bank>
          <name>	objects.pck	</name>
        </bank>
        <bank>
          <name>	objects_generative.pck	</name>
        </bank>
        <bank>
          <name>	plane.pck	</name>
        </bank>
        <bank>
          <name>	streams.pck	</name>
        </bank>
        <bank>
          <name>	treads_pc.pck	</name>
        </bank>
        <bank>
          <name>	treads_npc.pck	</name>
        </bank>
        <bank>
          <name>	turret.pck	</name>
        </bank>
        <bank>
          <name>	gun_reload.pck	</name>
        </bank>
        <bank>
          <name>	wpn.pck	</name>
        </bank>
        <bank>
          <name>	gui.bnk	</name>
        </bank>
        <bank>
          <name>	gui_ranked_battles.pck	</name>
        </bank>
        <bank>
          <name>	epic_battle.pck	</name>
        </bank>
        <bank>
          <name>	utility.bnk	</name>
        </bank>
        <bank>
          <name>	music_interactive.bnk	</name>
        </bank>
        <bank>
          <name>	music_interactive.pck	</name>
        </bank>
        <bank>
          <name>	wheel_vehicle_GUI.pck	</name>
        </bank>
        <bank>
          <name>	plugin_media.bnk	</name>
        </bank>
        <bank>
          <name>	impacts_full.pck	</name>
        </bank>
        <bank>
          <name>	ev_battle_royale_2019_music.bnk	</name>
        </bank>
        <bank>
          <name>	ev_battle_royale_2019_music.pck	</name>
        </bank>
        <bank>
          <name>	field_modernization.bnk	</name>
        </bank>
      </SFX_soundbanks_loadonce>
      <SFX_soundbanks_hangar>
        <bank>
          <name>	fort_area.bnk	</name>
        </bank>
        <bank>
          <name>	clans.bnk	</name>
        </bank>
        <bank>
          <name>	gui_ranked_battles.bnk	</name>
        </bank>
        <bank>
          <name>	Personal_missions.bnk	</name>
        </bank>
        <bank>
          <name>	customization.bnk	</name>
        </bank>
        <bank>
          <name>	shop.bnk	</name>
        </bank>
        <bank>
          <name>	tasks.bnk	</name>
        </bank>
        <bank>
          <name>	gui_hangar.bnk	</name>
        </bank>
        <bank>
          <name>	gui_blueprints.bnk	</name>
        </bank>
        <bank>
          <name>	researches.bnk	</name>
        </bank>
        <bank>
          <name>	tasks.bnk	</name>
        </bank>
        <bank>
          <name>	cons_hangar.bnk	</name>
        </bank>
        <bank>
          <name>	dog_tags_hangar.bnk	</name>
        </bank>
        <bank>
          <name>	mode_selector.bnk	</name>
        </bank>
        <bank>
          <name>	map_box.bnk	</name>
        </bank>
        <bank>
          <name>	menu_guide.bnk	</name>
        </bank>
        <bank>
          <name>	maps_training.pck	</name>
        </bank>
        <bank>
          <name>	maps_training_hangar.bnk	</name>
        </bank>
        <bank>
          <name>	cn_wot_plus.bnk	</name>
        </bank>
        <bank>
          <name>	yha_event.bnk	</name>
        </bank>
        <bank>
          <name>	double_eleven_day.bnk	</name>
        </bank>
      </SFX_soundbanks_hangar>
      <SFX_soundbanks_login>
        <bank>
          <name>	loginscreen.bnk	</name>
        </bank>
      </SFX_soundbanks_login>
      <SFX_soundbanks_arena>
        <bank>
          <name>	ambient.bnk	</name>
        </bank>
        <bank>
          <name>	ambient_2D.bnk	</name>
        </bank>
        <bank>
          <name>	damage.bnk	</name>
        </bank>
        <bank>
          <name>	explosive_objects.bnk	</name>
        </bank>
        <bank>
          <name>	objects.bnk	</name>
        </bank>
        <bank>
          <name>	objects_generative.bnk	</name>
        </bank>
        <bank>
          <name>	plane.bnk	</name>
        </bank>
        <bank>
          <name>	turret.bnk	</name>
        </bank>
        <bank>
          <name>	combat_atmosphere.bnk	</name>
        </bank>
        <bank>
          <name>	engines.bnk	</name>
        </bank>
        <bank>
          <name>	treads_pc.bnk	</name>
        </bank>
        <bank>
          <name>	treads_npc.bnk	</name>
        </bank>
        <bank>
          <name>	expl.bnk	</name>
        </bank>
        <bank>
          <name>	impacts_full.bnk	</name>
        </bank>
        <bank>
          <name>	phys_coll.bnk	</name>
        </bank>
        <bank>
          <name>	psb.bnk	</name>
        </bank>
        <bank>
          <name>	damaged_modules.bnk	</name>
        </bank>
        <bank>
          <name>	wpn.bnk	</name>
        </bank>
        <bank>
          <name>	gun_reload.bnk	</name>
        </bank>
        <bank>
          <name>	mechanisms.bnk	</name>
        </bank>
        <bank>
          <name>	wheel_vehicle_GUI.bnk	</name>
        </bank>
        <bank>
          <name>	consumables.bnk	</name>
        </bank>
        <bank>
          <name>	inbattle_communication_npc.bnk	</name>
        </bank>
      </SFX_soundbanks_arena>
      <SFX_soundbanks_editor>
        <bank>
          <name>	fort_area.bnk	</name>
        </bank>
        <bank>
          <name>	objects.bnk	</name>
        </bank>
        <bank>
          <name>	objects_generative.bnk	</name>
        </bank>
        <bank>
          <name>	explosive_objects.bnk	</name>
        </bank>
      </SFX_soundbanks_editor>
    </WWISE_adv_profile>
    <WWISE_low_profile>
      <memoryManager>
        <IOPoolSize>	4	</IOPoolSize>
        <IOGranularity>	16	</IOGranularity>
      </memoryManager>
      <memoryManager_64bit>
        <IOPoolSize>	4	</IOPoolSize>
        <IOGranularity>	16	</IOGranularity>
      </memoryManager_64bit>
      <soundRender>
        <use_config>	true	</use_config>
        <HDR_lower_threshold>	-40	</HDR_lower_threshold>
        <max_voices>	70	</max_voices>
        <low_sample_rate>	false	</low_sample_rate>
        <ambients>	false	</ambients>
        <reverbs>	false	</reverbs>
      </soundRender>
      <voice_soundbanks>
        <bank>
          <name>	voiceover.bnk	</name>
        </bank>
        <bank>
          <name>	inbattle_communication_pc.bnk	</name>
        </bank>
      </voice_soundbanks>
      <SFX_soundbanks_loadonce>
        <bank>
          <name>	engines.pck	</name>
        </bank>
        <bank>
          <name>	explosive_objects.pck	</name>
        </bank>
        <bank>
          <name>	objects.pck	</name>
        </bank>
        <bank>
          <name>	objects_generative.pck	</name>
        </bank>
        <bank>
          <name>	plane.pck	</name>
        </bank>
        <bank>
          <name>	streams.pck	</name>
        </bank>
        <bank>
          <name>	treads_pc.pck	</name>
        </bank>
        <bank>
          <name>	treads_npc.pck	</name>
        </bank>
        <bank>
          <name>	turret.pck	</name>
        </bank>
        <bank>
          <name>	gun_reload.pck	</name>
        </bank>
        <bank>
          <name>	wpn.pck	</name>
        </bank>
        <bank>
          <name>	gui.bnk	</name>
        </bank>
        <bank>
          <name>	gui_ranked_battles.pck	</name>
        </bank>
        <bank>
          <name>	utility.bnk	</name>
        </bank>
        <bank>
          <name>	plugin_media.bnk	</name>
        </bank>
      </SFX_soundbanks_loadonce>
      <SFX_soundbanks_hangar>
        <bank>
          <name>	fort_area.bnk	</name>
        </bank>
        <bank>
          <name>	gui_ranked_battles.bnk	</name>
        </bank>
        <bank>
          <name>	Personal_missions.bnk	</name>
        </bank>
        <bank>
          <name>	customization.bnk	</name>
        </bank>
        <bank>
          <name>	shop.bnk	</name>
        </bank>
        <bank>
          <name>	maps_training.pck	</name>
        </bank>
        <bank>
          <name>	maps_training_hangar.bnk	</name>
        </bank>
      </SFX_soundbanks_hangar>
      <SFX_soundbanks_login>
        <bank>
          <name>	loginscreen.bnk	</name>
        </bank>
      </SFX_soundbanks_login>
      <SFX_soundbanks_arena>
        <bank>
          <name>	damage.bnk	</name>
        </bank>
        <bank>
          <name>	turret.bnk	</name>
        </bank>
        <bank>
          <name>	engines.bnk	</name>
        </bank>
        <bank>
          <name>	treads_pc.bnk	</name>
        </bank>
        <bank>
          <name>	treads_npc.bnk	</name>
        </bank>
        <bank>
          <name>	expl.bnk	</name>
        </bank>
        <bank>
          <name>	impacts_full.bnk	</name>
        </bank>
        <bank>
          <name>	psb.bnk	</name>
        </bank>
        <bank>
          <name>	damaged_modules.bnk	</name>
        </bank>
        <bank>
          <name>	wpn.bnk	</name>
        </bank>
        <bank>
          <name>	gun_reload.bnk	</name>
        </bank>
        <bank>
          <name>	mechanisms.bnk	</name>
        </bank>
        <bank>
          <name>	inbattle_communication_npc.bnk	</name>
        </bank>
      </SFX_soundbanks_arena>
      <SFX_soundbanks_editor>
        <bank>
          <name>	hangar_v2.bnk	</name>
        </bank>
        <bank>
          <name>	fort_area.bnk	</name>
        </bank>
        <bank>
          <name>	objects.bnk	</name>
        </bank>
        <bank>
          <name>	objects_generative.bnk	</name>
        </bank>
        <bank>
          <name>	explosive_objects.bnk	</name>
        </bank>
      </SFX_soundbanks_editor>
    </WWISE_low_profile>
  </soundMgr>
  <logging>
    <suppress>
      <categories></categories>
    </suppress>
    <logToMessageLogger>	false	</logToMessageLogger>
    <loggerID>	111	</loggerID>
    <file>	game.log	  <enabled>	true	</enabled>
      <openMode>	a	</openMode>
      <maxSizeKB>	2048	</maxSizeKB>
      <trimToKB>	512	</trimToKB>
      <showTime>	true	</showTime>
      <disableBuffering>	false	</disableBuffering>
      <messageLength>	8192	</messageLength>
    </file>
    <file>	python.log	  <enabled>	true	</enabled>
      <source>	SCRIPT	</source>
      <source>	UI	</source>
      <openMode>	a	</openMode>
      <maxSizeKB>	2048	</maxSizeKB>
      <trimToKB>	512	</trimToKB>
      <showTime>	true	</showTime>
      <disableBuffering>	false	</disableBuffering>
      <messageLength>	8192	</messageLength>
    </file>
    <file>	ui.log	  <enabled>	true	</enabled>
      <source>	UI	</source>
      <openMode>	a	</openMode>
      <maxSizeKB>	2048	</maxSizeKB>
      <trimToKB>	512	</trimToKB>
      <showTime>	true	</showTime>
      <disableBuffering>	false	</disableBuffering>
      <messageLength>	8192	</messageLength>
    </file>
  </logging>
  <webBrowser>
    <processExe>	cef_browser_process	</processExe>
    <cachePath>	profile/cef_cache	</cachePath>
    <resourcePath>	cef	</resourcePath>
    <hardwareAcceleration>	true	</hardwareAcceleration>
    <logFile>	cef.log	</logFile>
    <logVerbosity>	disable	</logVerbosity>
    <enableFlash>	true	</enableFlash>
    <ignoreCertErrors>	false	</ignoreCertErrors>
    <debugPort>	-1	</debugPort>
    <maxFrameRate>	60	</maxFrameRate>
    <acceptLangList></acceptLangList>
    <locale></locale>
    <autoPlayVideo>	true	</autoPlayVideo>
  </webBrowser>
</engine_config.xml>
