<precache.xml>
  <item>	shaders/std_effects/lightonly.fx	</item>
  <item>	shaders/std_effects/lightonly_skinned.fx	</item>
  <item>	shaders/std_effects/lightonly_skinned_colourised.fx	</item>
  <item>	shaders/std_effects/lightonly_colourised.fx	</item>
  <item>	shaders/std_effects/lightonly_add_factor.fx	</item>
  <item>	shaders/std_effects/lightonly_dual.fx	</item>
  <item>	shaders/std_effects/lightonly_alpha.fx	</item>
  <item>	shaders/std_effects/normalmap.fx	</item>
  <item>	shaders/std_effects/normalmap_specmap.fx	</item>
  <item>	shaders/std_effects/normalmap_specmap_skinned.fx	</item>
  <item>	shaders/std_effects/normalmap_specmap_uvtransform_skinned.fx	</item>
  <item>	shaders/std_effects/normalmap_specmap_dual.fx	</item>
  <item>	shaders/std_effects/normalmap_specmap_skinned_colourised.fx	</item>
  <item>	shaders/std_effects/normalmap_specmap_colourised.fx	</item>
  <item>	shaders/std_effects/shimmer_sprite_particle.fx	</item>
  <item>	shaders/terrain/terrain.fx	</item>
  <item>	shaders/terrain/sky_light_map.fx	</item>
  <item>	shaders/decal/decal.fx	</item>
  <item>	shaders/environment/sky_gradient_dome.fx	</item>
  <item>	shaders/environment/sun_and_moon.fx	</item>
  <item>	shaders/environment/sky_box_alpha.fx	</item>
  <item>	shaders/environment/sky_box.fx	</item>
</precache.xml>
