<precache.xml>
  <item>	shaders/std_effects/normalmap.fx	</item>
  <item>	shaders/std_effects/normalmap_specmap.fx	</item>
  <item>	shaders/std_effects/normalmap_specmap_skinned.fx	</item>
  <item>	shaders/std_effects/normalmap_specmap_uvtransform_skinned.fx	</item>
  <item>	shaders/std_effects/normalmap_specmap_dual.fx	</item>
  <item>	shaders/std_effects/lightonly_skinned.fx	</item>
  <item>	shaders/std_effects/lightonly_add_factor.fx	</item>
  <item>	shaders/std_effects/lightonly_glow.fx	</item>
  <item>	shaders/std_effects/lightonly_dual.fx	</item>
  <item>	shaders/std_effects/lightonly_alpha.fx	</item>
</precache.xml>
