<root>
  <Paths>
    <Path>./res_mods/0.9.21.0</Path>
    <Path mode="recursive" mask="*.wotmod" root="res">./mods/0.9.21.0</Path>
    <Path type="sd,hd">./res/packages/shared_content.pkg</Path>
    <Path type="hd">./res/packages/shared_content_hd.pkg</Path>
    <Path type="sandbox,sd,hd">./res/packages/shared_content_sandbox.pkg</Path>
    <Path type="hd">./res/packages/shared_content_sandbox_hd.pkg</Path>
    <Path type="sandbox,sd,hd">./res/packages/shaders.pkg</Path>
    <Path type="sandbox,sd,hd">./res/packages/00_tank_tutorial.pkg</Path>
    <Path type="hd">./res/packages/00_tank_tutorial_hd.pkg</Path>
    <Path type="sd,hd">./res/packages/01_karelia.pkg</Path>
    <Path type="hd">./res/packages/01_karelia_hd.pkg</Path>
    <Path type="sd,hd">./res/packages/02_malinovka.pkg</Path>
    <Path type="hd">./res/packages/02_malinovka_hd.pkg</Path>
    <Path type="sd,hd">./res/packages/04_himmelsdorf.pkg</Path>
    <Path type="sandbox,sd,hd">./res/packages/05_prohorovka.pkg</Path>
    <Path type="sd,hd">./res/packages/06_ensk.pkg</Path>
    <Path type="hd">./res/packages/06_ensk_hd.pkg</Path>
    <Path type="sd,hd">./res/packages/07_lakeville.pkg</Path>
    <Path type="sandbox,sd,hd">./res/packages/08_ruinberg.pkg</Path>
    <Path type="sandbox,sd,hd">./res/packages/100_thepit.pkg</Path>
    <Path type="hd">./res/packages/100_thepit_hd.pkg</Path>
    <Path type="sd,hd">./res/packages/101_dday.pkg</Path>
    <Path type="hd">./res/packages/101_dday_hd.pkg</Path>
    <Path type="sd,hd">./res/packages/103_ruinberg_winter.pkg</Path>
    <Path type="hd">./res/packages/103_ruinberg_winter_hd.pkg</Path>
    <Path type="sandbox,sd,hd">./res/packages/10_hills.pkg</Path>
    <Path type="hd">./res/packages/10_hills_hd.pkg</Path>
    <Path type="sd,hd">./res/packages/112_eiffel_tower_ctf.pkg</Path>
    <Path type="hd">./res/packages/112_eiffel_tower_ctf_hd.pkg</Path>
    <Path type="sd,hd">./res/packages/114_czech.pkg</Path>
    <Path type="hd">./res/packages/114_czech_hd.pkg</Path>
    <Path type="sd,hd">./res/packages/11_murovanka.pkg</Path>
    <Path type="sd,hd">./res/packages/13_erlenberg.pkg</Path>
    <Path type="hd">./res/packages/13_erlenberg_hd.pkg</Path>
    <Path type="sd,hd">./res/packages/14_siegfried_line.pkg</Path>
    <Path type="hd">./res/packages/14_siegfried_line_hd.pkg</Path>
    <Path type="sd,hd">./res/packages/17_munchen.pkg</Path>
    <Path type="hd">./res/packages/17_munchen_hd.pkg</Path>
    <Path type="sd,hd">./res/packages/18_cliff.pkg</Path>
    <Path type="hd">./res/packages/18_cliff_hd.pkg</Path>
    <Path type="sandbox,sd,hd">./res/packages/19_monastery.pkg</Path>
    <Path type="hd">./res/packages/19_monastery_hd.pkg</Path>
    <Path type="sd,hd">./res/packages/212_epic_random_valley.pkg</Path>
    <Path type="hd">./res/packages/212_epic_random_valley_hd.pkg</Path>
    <Path type="sd,hd">./res/packages/217_er_alaska.pkg</Path>
    <Path type="hd">./res/packages/217_er_alaska_hd.pkg</Path>
    <Path type="sd,hd">./res/packages/22_slough.pkg</Path>
    <Path type="hd">./res/packages/22_slough_hd.pkg</Path>
    <Path type="sd,hd">./res/packages/23_westfeld.pkg</Path>
    <Path type="hd">./res/packages/23_westfeld_hd.pkg</Path>
    <Path type="sd,hd">./res/packages/28_desert.pkg</Path>
    <Path type="sd,hd">./res/packages/29_el_hallouf.pkg</Path>
    <Path type="sandbox,sd,hd">./res/packages/31_airfield.pkg</Path>
    <Path type="hd">./res/packages/31_airfield_hd.pkg</Path>
    <Path type="sd,hd">./res/packages/33_fjord.pkg</Path>
    <Path type="hd">./res/packages/33_fjord_hd.pkg</Path>
    <Path type="sd,hd">./res/packages/34_redshire.pkg</Path>
    <Path type="sd,hd">./res/packages/35_steppes.pkg</Path>
    <Path type="hd">./res/packages/35_steppes_hd.pkg</Path>
    <Path type="sd,hd">./res/packages/36_fishing_bay.pkg</Path>
    <Path type="hd">./res/packages/36_fishing_bay_hd.pkg</Path>
    <Path type="sd,hd">./res/packages/37_caucasus.pkg</Path>
    <Path type="hd">./res/packages/37_caucasus_hd.pkg</Path>
    <Path type="sd,hd">./res/packages/38_mannerheim_line.pkg</Path>
    <Path type="hd">./res/packages/38_mannerheim_line_hd.pkg</Path>
    <Path type="sd,hd">./res/packages/44_north_america.pkg</Path>
    <Path type="hd">./res/packages/44_north_america_hd.pkg</Path>
    <Path type="sd,hd">./res/packages/45_north_america.pkg</Path>
    <Path type="hd">./res/packages/45_north_america_hd.pkg</Path>
    <Path type="sd,hd">./res/packages/47_canada_a.pkg</Path>
    <Path type="hd">./res/packages/47_canada_a_hd.pkg</Path>
    <Path type="sd,hd">./res/packages/63_tundra.pkg</Path>
    <Path type="hd">./res/packages/63_tundra_hd.pkg</Path>
    <Path type="sd,hd">./res/packages/73_asia_korea.pkg</Path>
    <Path type="hd">./res/packages/73_asia_korea_hd.pkg</Path>
    <Path type="sd,hd">./res/packages/83_kharkiv.pkg</Path>
    <Path type="hd">./res/packages/83_kharkiv_hd.pkg</Path>
    <Path type="sd,hd">./res/packages/84_winter.pkg</Path>
    <Path type="hd">./res/packages/84_winter_hd.pkg</Path>
    <Path type="sandbox,sd,hd">./res/packages/86_himmelsdorf_winter.pkg</Path>
    <Path type="hd">./res/packages/86_himmelsdorf_winter_hd.pkg</Path>
    <Path type="sd,hd">./res/packages/92_stalingrad.pkg</Path>
    <Path type="hd">./res/packages/92_stalingrad_hd.pkg</Path>
    <Path type="sd,hd">./res/packages/95_lost_city.pkg</Path>
    <Path type="hd">./res/packages/95_lost_city_hd.pkg</Path>
    <Path type="sd,hd">./res/packages/96_prohorovka_defense.pkg</Path>
    <Path type="hd">./res/packages/96_prohorovka_defense_hd.pkg</Path>
    <Path type="sandbox,sd,hd">./res/packages/h07_newyear_2015.pkg</Path>
    <Path type="hd">./res/packages/h07_newyear_2015_hd.pkg</Path>
    <Path type="sd,hd">./res/packages/hangar_NY_CN.pkg</Path>
    <Path type="hd">./res/packages/hangar_NY_CN_hd.pkg</Path>
    <Path type="sandbox,sd,hd">./res/packages/hangar_bootcamp.pkg</Path>
    <Path type="sandbox,sd,hd">./res/packages/hangar_premium_v2.pkg</Path>
    <Path type="hd">./res/packages/hangar_premium_v2_hd.pkg</Path>
    <Path type="sandbox,sd,hd">./res/packages/hangar_v2.pkg</Path>
    <Path type="hd">./res/packages/hangar_v2_hd.pkg</Path>
    <Path type="sandbox,sd,hd">./res/packages/audioww.pkg</Path>
    <Path type="sandbox,sd,hd">./res/packages/gui.pkg</Path>
    <Path type="sandbox,sd,hd">./res/packages/misc.pkg</Path>
    <Path type="hd">./res/packages/misc_hd.pkg</Path>
    <Path type="sandbox,sd,hd">./res/packages/particles.pkg</Path>
    <Path type="sandbox,sd,hd">./res/packages/scripts.pkg</Path>
    <Path type="sandbox,sd,hd">./res/packages/vehicles_level_01.pkg</Path>
    <Path type="hd">./res/packages/vehicles_level_01_hd.pkg</Path>
    <Path type="sandbox,sd,hd">./res/packages/vehicles_level_02.pkg</Path>
    <Path type="hd">./res/packages/vehicles_level_02_hd.pkg</Path>
    <Path type="sandbox,sd,hd">./res/packages/vehicles_level_03.pkg</Path>
    <Path type="hd">./res/packages/vehicles_level_03_hd.pkg</Path>
    <Path type="sd,hd">./res/packages/vehicles_level_04.pkg</Path>
    <Path type="hd">./res/packages/vehicles_level_04_hd.pkg</Path>
    <Path type="sd,hd">./res/packages/vehicles_level_05.pkg</Path>
    <Path type="hd">./res/packages/vehicles_level_05_hd.pkg</Path>
    <Path type="sd,hd">./res/packages/vehicles_level_06.pkg</Path>
    <Path type="hd">./res/packages/vehicles_level_06_hd.pkg</Path>
    <Path type="sd,hd">./res/packages/vehicles_level_07.pkg</Path>
    <Path type="hd">./res/packages/vehicles_level_07_hd.pkg</Path>
    <Path type="sd,hd">./res/packages/vehicles_level_08.pkg</Path>
    <Path type="sd,hd">./res/packages/vehicles_level_08_1.pkg</Path>
    <Path type="hd">./res/packages/vehicles_level_08_hd.pkg</Path>
    <Path type="sd,hd">./res/packages/vehicles_level_09.pkg</Path>
    <Path type="hd">./res/packages/vehicles_level_09_hd.pkg</Path>
    <Path type="sd,hd">./res/packages/vehicles_level_10.pkg</Path>
    <Path type="hd">./res/packages/vehicles_level_10_hd.pkg</Path>
    <Path>./res</Path>
  </Paths>
</root>