<root>
  <Paths>
    <Path cacheSubdirs="true">./res_mods/1.17.1.0</Path>
    <Path mask="*.wotmod" mode="recursive" root="res">./mods/1.17.1.0</Path>
    <Packages>
      <Package type="sd,hd">./res/packages/shared_content-part2.pkg</Package>
      <Package type="sd,hd">./res/packages/shared_content-part1.pkg</Package>
      <Package type="hd">./res/packages/shared_content_hd-part2.pkg</Package>
      <Package type="hd">./res/packages/shared_content_hd-part1.pkg</Package>
      <Package type="sandbox,sd,hd">./res/packages/shared_content_sandbox-part1.pkg</Package>
      <Package type="sandbox,sd,hd">./res/packages/shared_content_sandbox-part2.pkg</Package>
      <Package type="hd">./res/packages/shared_content_sandbox_hd-part1.pkg</Package>
      <Package type="hd">./res/packages/shared_content_sandbox_hd-part2.pkg</Package>
      <Package type="sandbox,sd,hd">./res/packages/shaders.pkg</Package>
      <Package type="sd,hd">./res/packages/01_karelia.pkg</Package>
      <Package type="hd">./res/packages/01_karelia_hd.pkg</Package>
      <Package type="sd,hd">./res/packages/02_malinovka.pkg</Package>
      <Package type="hd">./res/packages/02_malinovka_hd.pkg</Package>
      <Package type="sd,hd">./res/packages/03_campania_big.pkg</Package>
      <Package type="hd">./res/packages/03_campania_big_hd.pkg</Package>
      <Package type="sd,hd">./res/packages/04_himmelsdorf.pkg</Package>
      <Package type="hd">./res/packages/04_himmelsdorf_hd.pkg</Package>
      <Package type="sandbox,sd,hd">./res/packages/05_prohorovka.pkg</Package>
      <Package type="hd">./res/packages/05_prohorovka_hd.pkg</Package>
      <Package type="sd,hd">./res/packages/06_ensk.pkg</Package>
      <Package type="hd">./res/packages/06_ensk_hd.pkg</Package>
      <Package type="sd,hd">./res/packages/07_lakeville.pkg</Package>
      <Package type="hd">./res/packages/07_lakeville_hd.pkg</Package>
      <Package type="sandbox,sd,hd">./res/packages/08_ruinberg.pkg</Package>
      <Package type="hd">./res/packages/08_ruinberg_hd.pkg</Package>
      <Package type="sd,hd">./res/packages/101_dday.pkg</Package>
      <Package type="hd">./res/packages/101_dday_hd.pkg</Package>
      <Package type="sd,hd">./res/packages/105_germany.pkg</Package>
      <Package type="hd">./res/packages/105_germany_hd.pkg</Package>
      <Package type="sandbox,sd,hd">./res/packages/10_hills.pkg</Package>
      <Package type="hd">./res/packages/10_hills_hd.pkg</Package>
      <Package type="sd,hd">./res/packages/112_eiffel_tower_ctf.pkg</Package>
      <Package type="hd">./res/packages/112_eiffel_tower_ctf_hd.pkg</Package>
      <Package type="sd,hd">./res/packages/114_czech.pkg</Package>
      <Package type="hd">./res/packages/114_czech_hd.pkg</Package>
      <Package type="sd,hd">./res/packages/115_sweden.pkg</Package>
      <Package type="hd">./res/packages/115_sweden_hd.pkg</Package>
      <Package type="sd,hd">./res/packages/11_murovanka.pkg</Package>
      <Package type="hd">./res/packages/11_murovanka_hd.pkg</Package>
      <Package type="sd,hd">./res/packages/127_japort.pkg</Package>
      <Package type="hd">./res/packages/127_japort_hd.pkg</Package>
      <Package type="sd,hd">./res/packages/13_erlenberg.pkg</Package>
      <Package type="hd">./res/packages/13_erlenberg_hd.pkg</Package>
      <Package type="sd,hd">./res/packages/14_siegfried_line.pkg</Package>
      <Package type="hd">./res/packages/14_siegfried_line_hd.pkg</Package>
      <Package type="sd,hd">./res/packages/17_munchen.pkg</Package>
      <Package type="hd">./res/packages/17_munchen_hd.pkg</Package>
      <Package type="sd,hd">./res/packages/18_cliff.pkg</Package>
      <Package type="hd">./res/packages/18_cliff_hd.pkg</Package>
      <Package type="sandbox,sd,hd">./res/packages/19_monastery.pkg</Package>
      <Package type="hd">./res/packages/19_monastery_hd.pkg</Package>
      <Package type="sd,hd">./res/packages/208_bf_epic_normandy.pkg</Package>
      <Package type="hd">./res/packages/208_bf_epic_normandy_hd.pkg</Package>
      <Package type="sd,hd">./res/packages/209_wg_epic_suburbia.pkg</Package>
      <Package type="hd">./res/packages/209_wg_epic_suburbia_hd.pkg</Package>
      <Package type="sd,hd">./res/packages/212_epic_random_valley.pkg</Package>
      <Package type="hd">./res/packages/212_epic_random_valley_hd.pkg</Package>
      <Package type="sd,hd">./res/packages/217_er_alaska.pkg</Package>
      <Package type="hd">./res/packages/217_er_alaska_hd.pkg</Package>
      <Package type="sd,hd">./res/packages/222_er_clime.pkg</Package>
      <Package type="hd">./res/packages/222_er_clime_hd.pkg</Package>
      <Package type="sd,hd">./res/packages/23_westfeld.pkg</Package>
      <Package type="hd">./res/packages/23_westfeld_hd.pkg</Package>
      <Package type="sd,hd">./res/packages/250_br_battle_city2-1.pkg</Package>
      <Package type="hd">./res/packages/250_br_battle_city2-1_hd.pkg</Package>
      <Package type="sd,hd">./res/packages/251_br_battle_city3.pkg</Package>
      <Package type="hd">./res/packages/251_br_battle_city3_hd.pkg</Package>
      <Package type="sd,hd">./res/packages/252_br_battle_city4.pkg</Package>
      <Package type="hd">./res/packages/252_br_battle_city4_hd.pkg</Package>
      <Package type="sd,hd">./res/packages/28_desert.pkg</Package>
      <Package type="hd">./res/packages/28_desert_hd.pkg</Package>
      <Package type="sd,hd">./res/packages/29_el_hallouf.pkg</Package>
      <Package type="hd">./res/packages/29_el_hallouf_hd.pkg</Package>
      <Package type="sandbox,sd,hd">./res/packages/31_airfield.pkg</Package>
      <Package type="hd">./res/packages/31_airfield_hd.pkg</Package>
      <Package type="sd,hd">./res/packages/33_fjord.pkg</Package>
      <Package type="hd">./res/packages/33_fjord_hd.pkg</Package>
      <Package type="sd,hd">./res/packages/34_redshire.pkg</Package>
      <Package type="hd">./res/packages/34_redshire_hd.pkg</Package>
      <Package type="sd,hd">./res/packages/35_steppes.pkg</Package>
      <Package type="hd">./res/packages/35_steppes_hd.pkg</Package>
      <Package type="sd,hd">./res/packages/36_fishing_bay.pkg</Package>
      <Package type="hd">./res/packages/36_fishing_bay_hd.pkg</Package>
      <Package type="sd,hd">./res/packages/37_caucasus.pkg</Package>
      <Package type="hd">./res/packages/37_caucasus_hd.pkg</Package>
      <Package type="sd,hd">./res/packages/38_mannerheim_line.pkg</Package>
      <Package type="hd">./res/packages/38_mannerheim_line_hd.pkg</Package>
      <Package type="sd,hd">./res/packages/44_north_america.pkg</Package>
      <Package type="hd">./res/packages/44_north_america_hd.pkg</Package>
      <Package type="sd,hd">./res/packages/45_north_america.pkg</Package>
      <Package type="hd">./res/packages/45_north_america_hd.pkg</Package>
      <Package type="sd,hd">./res/packages/47_canada_a.pkg</Package>
      <Package type="hd">./res/packages/47_canada_a_hd.pkg</Package>
      <Package type="sd,hd">./res/packages/59_asia_great_wall.pkg</Package>
      <Package type="hd">./res/packages/59_asia_great_wall_hd.pkg</Package>
      <Package type="sd,hd">./res/packages/60_asia_miao.pkg</Package>
      <Package type="hd">./res/packages/60_asia_miao_hd.pkg</Package>
      <Package type="sd,hd">./res/packages/63_tundra.pkg</Package>
      <Package type="hd">./res/packages/63_tundra_hd.pkg</Package>
      <Package type="sd,hd">./res/packages/83_kharkiv.pkg</Package>
      <Package type="hd">./res/packages/83_kharkiv_hd.pkg</Package>
      <Package type="sd,hd">./res/packages/90_minsk.pkg</Package>
      <Package type="hd">./res/packages/90_minsk_hd.pkg</Package>
      <Package type="sd,hd">./res/packages/95_lost_city_ctf.pkg</Package>
      <Package type="hd">./res/packages/95_lost_city_ctf_hd.pkg</Package>
      <Package type="sd,hd">./res/packages/99_poland.pkg</Package>
      <Package type="hd">./res/packages/99_poland_hd.pkg</Package>
      <Package type="sd,hd">./res/packages/h33_battle_royale_2021.pkg</Package>
      <Package type="hd">./res/packages/h33_battle_royale_2021_hd.pkg</Package>
      <Package type="sandbox,sd,hd">./res/packages/hangar_v3.pkg</Package>
      <Package type="hd">./res/packages/hangar_v3_hd.pkg</Package>
      <Package type="sandbox,sd,hd">./res/packages/audioww-part1.pkg</Package>
      <Package type="sandbox,sd,hd">./res/packages/audioww-part2.pkg</Package>
      <Package type="sandbox,sd,hd">./res/packages/battle_royale.pkg</Package>
      <Package type="sandbox,sd,hd">./res/packages/common_ext.pkg</Package>
      <Package type="sandbox,sd,hd">./res/packages/event_platform.pkg</Package>
      <Package type="sandbox,sd,hd">./res/packages/frontline.pkg</Package>
      <Package type="sandbox,sd,hd">./res/packages/gui-part2.pkg</Package>
      <Package type="sandbox,sd,hd">./res/packages/gui-part1.pkg</Package>
      <Package type="sandbox,sd,hd">./res/packages/in_battle_achievements.pkg</Package>
      <Package type="sandbox,sd,hd">./res/packages/misc.pkg</Package>
      <Package type="hd">./res/packages/misc_hd.pkg</Package>
      <Package type="sandbox,sd,hd">./res/packages/particles.pkg</Package>
      <Package type="hd">./res/packages/particles_hd.pkg</Package>
      <Package type="sandbox,sd,hd">./res/packages/scripts.pkg</Package>
      <Package type="sandbox,sd,hd">./res/packages/server_side_replay.pkg</Package>
      <Package type="sandbox,sd,hd">./res/packages/vehicles_level_01.pkg</Package>
      <Package type="hd">./res/packages/vehicles_level_01_hd.pkg</Package>
      <Package type="sandbox,sd,hd">./res/packages/vehicles_level_02.pkg</Package>
      <Package type="hd">./res/packages/vehicles_level_02_hd.pkg</Package>
      <Package type="sandbox,sd,hd">./res/packages/vehicles_level_03.pkg</Package>
      <Package type="hd">./res/packages/vehicles_level_03_hd.pkg</Package>
      <Package type="sd,hd">./res/packages/vehicles_level_04.pkg</Package>
      <Package type="hd">./res/packages/vehicles_level_04_hd.pkg</Package>
      <Package type="sd,hd">./res/packages/vehicles_level_05-part1.pkg</Package>
      <Package type="sd,hd">./res/packages/vehicles_level_05-part2.pkg</Package>
      <Package type="hd">./res/packages/vehicles_level_05_hd-part1.pkg</Package>
      <Package type="hd">./res/packages/vehicles_level_05_hd-part2.pkg</Package>
      <Package type="sd,hd">./res/packages/vehicles_level_06-part1.pkg</Package>
      <Package type="sd,hd">./res/packages/vehicles_level_06-part2.pkg</Package>
      <Package type="hd">./res/packages/vehicles_level_06_hd-part2.pkg</Package>
      <Package type="hd">./res/packages/vehicles_level_06_hd-part1.pkg</Package>
      <Package type="sd,hd">./res/packages/vehicles_level_07-part1.pkg</Package>
      <Package type="sd,hd">./res/packages/vehicles_level_07-part2.pkg</Package>
      <Package type="hd">./res/packages/vehicles_level_07_hd-part1.pkg</Package>
      <Package type="hd">./res/packages/vehicles_level_07_hd-part2.pkg</Package>
      <Package type="sd,hd">./res/packages/vehicles_level_08-part1.pkg</Package>
      <Package type="sd,hd">./res/packages/vehicles_level_08-part2.pkg</Package>
      <Package type="hd">./res/packages/vehicles_level_08_hd-part1.pkg</Package>
      <Package type="hd">./res/packages/vehicles_level_08_hd-part2.pkg</Package>
      <Package type="sd,hd">./res/packages/vehicles_level_09-part2.pkg</Package>
      <Package type="sd,hd">./res/packages/vehicles_level_09-part1.pkg</Package>
      <Package type="hd">./res/packages/vehicles_level_09_hd-part1.pkg</Package>
      <Package type="hd">./res/packages/vehicles_level_09_hd-part2.pkg</Package>
      <Package type="sd,hd">./res/packages/vehicles_level_10-part2.pkg</Package>
      <Package type="sd,hd">./res/packages/vehicles_level_10-part1.pkg</Package>
      <Package type="hd">./res/packages/vehicles_level_10_hd-part1.pkg</Package>
      <Package type="hd">./res/packages/vehicles_level_10_hd-part2.pkg</Package>
    </Packages>
    <Path>./res</Path>
  </Paths>
</root>
