<precache.xml>
  <item>	shaders/std_effects/lightonly.fx	</item>
  <item>	shaders/std_effects/lightonly_skinned.fx	</item>
  <item>	shaders/std_effects/lightonly_skinned_colourised.fx	</item>
  <item>	shaders/std_effects/lightonly_colourised.fx	</item>
  <item>	shaders/std_effects/lightonly_add_factor.fx	</item>
  <item>	shaders/std_effects/lightonly_dual.fx	</item>
  <item>	shaders/std_effects/lightonly_alpha.fx	</item>
  <item>	shaders/std_effects/normalmap.fx	</item>
  <item>	shaders/std_effects/normalmap_specmap.fx	</item>
  <item>	shaders/std_effects/normalmap_specmap_skinned.fx	</item>
  <item>	shaders/std_effects/normalmap_specmap_uvtransform_skinned.fx	</item>
  <item>	shaders/std_effects/normalmap_specmap_dual.fx	</item>
  <item>	shaders/std_effects/normalmap_specmap_skinned_colourised.fx	</item>
  <item>	shaders/std_effects/normalmap_specmap_colourised.fx	</item>
  <item>	shaders/std_effects/PBS_tank_uvtransform_skinned.fx	</item>
  <item>	shaders/std_effects/PBS_tank_tracks.fx	</item>
  <item>	shaders/std_effects/PBS_tank_skinned.fx	</item>
  <item>	shaders/std_effects/stipple/PBS_tank_tracks_stipple.fx	</item>
  <item>	shaders/std_effects/PBS_tank_uvtransform_skinned_ao.fx	</item>
  <item>	shaders/std_effects/PBS_tank_old_uvtransform_skinned.fx	</item>
  <item>	shaders/std_effects/PBS_tank_crash_colourised.fx	</item>
  <item>	shaders/std_effects/PBS_tank_old_skinned.fx	</item>
  <item>	shaders/std_effects/PBS_tank_colourised.fx	</item>
  <item>	shaders/std_effects/PBS_tank_old_colourised.fx	</item>
  <item>	shaders/std_effects/PBS_tank_skinned_colourised.fx	</item>
  <item>	shaders/std_effects/PBS_tank_old_skinned_colourised.fx	</item>
  <item>	shaders/std_effects/PBS_tank.fx	</item>
  <item>	shaders/std_effects/PBS_tank_old.fx	</item>
  <item>	shaders/std_effects/PBS_tank_crash.fx	</item>
  <item>	shaders/std_effects/PBS_tank_skinned_ao.fx	</item>
  <item>	shaders/std_effects/shimmer_sprite_particle.fx	</item>
  <item>	shaders/std_effects/sprite_particle.fx	</item>
  <item>	shaders/terrain/terrain2.fx	</item>
  <item>	shaders/environment/sun_and_moon.fx	</item>
  <item>	shaders/environment/sky_box_alpha.fx	</item>
  <item>	shaders/environment/sky_box.fx	</item>
  <item>	shaders/system/stretch_rect.fx	</item>
  <item>	shaders/flora/flora2.fx	</item>
</precache.xml>
