<decals_config.xml>
  <render>
    <quality>
      <option>	MAX	  <maxVisibleDecals>	2048	</maxVisibleDecals>
      </option>
      <option>	HIGH	  <maxVisibleDecals>	1024	</maxVisibleDecals>
      </option>
      <option>	MEDIUM	  <maxVisibleDecals>	512	</maxVisibleDecals>
      </option>
      <option>	LOW	  <maxVisibleDecals>	256	</maxVisibleDecals>
      </option>
      <option>	OFF	  <maxVisibleDecals>	1	</maxVisibleDecals>
      </option>
    </quality>
  </render>
  <scene>
    <anisotropy>	4	</anisotropy>
    <type>
      <name>	GBufferDecals	</name>
      <atlas>
        <width>	4096	</width>
        <height>	4096	</height>
        <format>	DXT3	</format>
        <constrains>
          <minWidth>	64	</minWidth>
          <minHeight>	64	</minHeight>
          <maxWidth>	1024	</maxWidth>
          <maxHeight>	1024	</maxHeight>
          <format>	DXT3	</format>
        </constrains>
      </atlas>
      <atlas>
        <width>	4096	</width>
        <height>	4096	</height>
        <format>	DXT3	</format>
        <constrains>
          <minWidth>	64	</minWidth>
          <minHeight>	64	</minHeight>
          <maxWidth>	1024	</maxWidth>
          <maxHeight>	1024	</maxHeight>
          <format>	DXT3	</format>
        </constrains>
      </atlas>
    </type>
    <type>
      <name>	OtherDecals	</name>
      <atlas>
        <width>	2048	</width>
        <height>	2048	</height>
        <format>	DXT1	</format>
        <constrains>
          <minWidth>	128	</minWidth>
          <minHeight>	128	</minHeight>
          <maxWidth>	512	</maxWidth>
          <maxHeight>	512	</maxHeight>
          <format>	DXT1	</format>
        </constrains>
      </atlas>
    </type>
    <quality>
      <option>	MAX	  <mip>	0	</mip>
        <matTypeDownsample>	0 0	</matTypeDownsample>
      </option>
      <option>	HIGH	  <mip>	1	</mip>
        <matTypeDownsample>	1 0	</matTypeDownsample>
      </option>
      <option>	MEDIUM	  <mip>	1	</mip>
        <matTypeDownsample>	1 1	</matTypeDownsample>
      </option>
      <option>	LOW	  <mip>	2	</mip>
        <matTypeDownsample>	2 1	</matTypeDownsample>
      </option>
      <option>	OFF	  <mip>	-1	</mip>
      </option>
    </quality>
  </scene>
  <dynamic>
    <type>
      <name>	GBufferDecals	</name>
      <atlas>
        <width>	2048	</width>
        <height>	2048	</height>
        <format>	DXT5	</format>
        <constrains>
          <minWidth>	256	</minWidth>
          <minHeight>	256	</minHeight>
          <maxWidth>	1024	</maxWidth>
          <maxHeight>	1024	</maxHeight>
          <format>	DXT5	</format>
        </constrains>
      </atlas>
      <atlas>
        <width>	2048	</width>
        <height>	2048	</height>
        <format>	DXT5	</format>
        <constrains>
          <minWidth>	256	</minWidth>
          <minHeight>	256	</minHeight>
          <maxWidth>	1024	</maxWidth>
          <maxHeight>	1024	</maxHeight>
          <format>	DXT5	</format>
        </constrains>
        <constrains>
          <minWidth>	128	</minWidth>
          <minHeight>	128	</minHeight>
          <maxWidth>	1024	</maxWidth>
          <maxHeight>	1024	</maxHeight>
          <format>	DXT5	</format>
        </constrains>
      </atlas>
      <atlas>
        <width>	2048	</width>
        <height>	2048	</height>
        <format>	DXT5	</format>
        <constrains>
          <minWidth>	256	</minWidth>
          <minHeight>	256	</minHeight>
          <maxWidth>	1024	</maxWidth>
          <maxHeight>	1024	</maxHeight>
          <format>	DXT5	</format>
        </constrains>
      </atlas>
    </type>
    <anisotropy>	4	</anisotropy>
  </dynamic>
  <trace>
    <quality>
      <option>	MAX	  <lodBias>	1.0	</lodBias>
        <maxTraceLength>	300	</maxTraceLength>
        <lifetimeMultiplier>	2.4	</lifetimeMultiplier>
      </option>
      <option>	HIGH	  <lodBias>	0.8	</lodBias>
        <maxTraceLength>	150	</maxTraceLength>
        <lifetimeMultiplier>	1.2	</lifetimeMultiplier>
      </option>
      <option>	MEDIUM	  <lodBias>	0.6	</lodBias>
        <maxTraceLength>	75	</maxTraceLength>
        <lifetimeMultiplier>	0.6	</lifetimeMultiplier>
      </option>
      <option>	LOW	  <lodBias>	0.4	</lodBias>
        <maxTraceLength>	50	</maxTraceLength>
        <lifetimeMultiplier>	0.3	</lifetimeMultiplier>
      </option>
      <option>	OFF	  <lodBias>	0.0	</lodBias>
      </option>
    </quality>
    <enableOptimisation>	true	</enableOptimisation>
    <fade>	50 100	</fade>
    <maxTraceAdditionTimeout>	0.5	</maxTraceAdditionTimeout>
    <maxTraceAdditionAngle>	4.0	</maxTraceAdditionAngle>
    <maxTraceOffset>	0.05	</maxTraceOffset>
    <maxTraceSegmentLength>	33.3	</maxTraceSegmentLength>
    <anisotropy>	4	</anisotropy>
  </trace>
  <road>
    <anisotropy>	4	</anisotropy>
    <quality>
      <option>	MAX	  <mip>	0	</mip>
        <matTypeDownsample>	0 0	</matTypeDownsample>
        <materialLod>	400	</materialLod>
      </option>
      <option>	HIGH	  <mip>	1	</mip>
        <matTypeDownsample>	1 0	</matTypeDownsample>
        <materialLod>	300	</materialLod>
      </option>
      <option>	MEDIUM	  <mip>	1	</mip>
        <matTypeDownsample>	1 1	</matTypeDownsample>
        <materialLod>	150	</materialLod>
      </option>
      <option>	LOW	  <mip>	2	</mip>
        <matTypeDownsample>	2 1	</matTypeDownsample>
        <materialLod>	70	</materialLod>
      </option>
      <option>	OFF	  <mip>	-1	</mip>
      </option>
    </quality>
  </road>
  <semiDynamic>
    <anisotropy>	4	</anisotropy>
    <type>
      <name>	OtherDecals	</name>
      <atlas>
        <width>	1024	</width>
        <height>	1024	</height>
        <format>	DXT1	</format>
        <constrains>
          <minWidth>	128	</minWidth>
          <minHeight>	128	</minHeight>
          <maxWidth>	512	</maxWidth>
          <maxHeight>	512	</maxHeight>
          <format>	DXT1	</format>
        </constrains>
      </atlas>
    </type>
  </semiDynamic>
</decals_config.xml>
