<root>
  <Paths>
    <Path>./res/packages/shared_content.pkg</Path>
    <Path>./res/packages/misc.pkg</Path>
    <Path>./res/packages/gui.pkg</Path>
    <Path>./res/packages/shaders.pkg</Path>
    <Path>./res/packages/01_karelia.pkg</Path>
    <Path>./res/packages/02_malinovka.pkg</Path>
    <Path>./res/packages/04_himmelsdorf.pkg</Path>
    <Path>./res/packages/05_prohorovka.pkg</Path>
    <Path>./res/packages/06_ensk.pkg</Path>
    <Path>./res/packages/07_lakeville.pkg</Path>
    <Path>./res/packages/08_ruinberg.pkg</Path>
    <Path>./res/packages/10_hills.pkg</Path>
    <Path>./res/packages/11_murovanka.pkg</Path>
    <Path>./res/packages/13_erlenberg.pkg</Path>
    <Path>./res/packages/14_siegfried_line.pkg</Path>
    <Path>./res/packages/15_komarin.pkg</Path>
    <Path>./res/packages/18_cliff.pkg</Path>
    <Path>./res/packages/19_monastery.pkg</Path>
    <Path>./res/packages/22_slough.pkg</Path>
    <Path>./res/packages/23_westfeld.pkg</Path>
    <Path>./res/packages/28_desert.pkg</Path>
    <Path>./res/packages/29_el_hallouf.pkg</Path>
    <Path>./res/packages/33_fjord.pkg</Path>
    <Path>./res/packages/34_redshire.pkg</Path>
    <Path>./res/packages/35_steppes.pkg</Path>
    <Path>./res/packages/36_fishing_bay.pkg</Path>
    <Path>./res/packages/37_caucasus.pkg</Path>
    <Path>./res/packages/38_mannerheim_line.pkg</Path>
    <Path>./res/packages/hangar.pkg</Path>
    <Path>./res/packages/hangar_premium.pkg</Path>
    <Path>./res/packages/vehicles_american.pkg</Path>
    <Path>./res/packages/vehicles_chinese.pkg</Path>
    <Path>./res/packages/vehicles_german.pkg</Path>
    <Path>./res/packages/vehicles_russian.pkg</Path>
    <Path>./res</Path>
    <Path>./res_bw</Path>
  </Paths>
</root>